start X,start Y,start Z,end X,end Y,end Z,diameter
3,3,5,3,3,7,0.00675795
3,3,7,2,3,7,0.00675795
3,4,5,3,4,4,0.0123383
3,3,5,3,4,5,0.0160871
3,5,5,4,5,5,0.00780341
3,4,5,3,5,5,0.0160871
3,0,0,3,0,5,0.0160871
3,0,5,3,3,5,0.0160871
5,3.5,0,6,3.5,0,0.00729942
5,3.5,0,5,6,0,0.0113753
5,0,0,5,3.5,0,0.0113753
50,10,0,50,6,0,0.00955718
